model_name,vocab_size,C,V,accuracy
word2vec_model_w5_e100,25355,23,54,0.42592592592592593
word2vec_model_w5_e300,25355,25,57,0.43859649122807015
word2vec_model_w10_e100,25355,36,59,0.6101694915254238
word2vec_model_w10_e300,25355,23,53,0.4339622641509434
